"Tmax_Maxima","Tmax_fld_m","Tmax_R","Tmax_ACC_R","Tmax_Minima","Tmax_Media","Tmin_Maxima","Tmin_ACC_V","Tmin_R","Tmin_ACC_R","longitude","Chuva_ACC_V"
96.1302418096002,96.3349206915138,111.548633237489,67.5308629904815,93.305540892044,81.9359404759155,87.414740586885,72.1838587595703,81.8582756046516,129.506900408581,98.9028636068304,93.305540892044
89.7640163939013,89.968695275815,105.18240782179,61.1646375747827,86.9393154763451,75.5697150602167,81.0485151711862,65.8176333438715,75.4920501889528,123.140674992882,92.5366381911316,86.9393154763451
89.7640163939013,89.968695275815,105.18240782179,61.1646375747827,86.9393154763451,75.5697150602167,81.0485151711862,65.8176333438715,75.4920501889528,123.140674992882,92.5366381911316,86.9393154763451
89.7640163939013,89.968695275815,105.18240782179,61.1646375747827,86.9393154763451,75.5697150602167,81.0485151711862,65.8176333438715,75.4920501889528,123.140674992882,92.5366381911316,86.9393154763451
96.6559311069803,96.8606099888941,112.074322534869,68.0565522878618,93.8312301894242,82.4616297732958,87.9404298842653,72.7095480569506,82.3839649020318,130.032589705961,99.4285529042106,93.8312301894242
89.7640163939013,89.968695275815,105.18240782179,61.1646375747827,86.9393154763451,75.5697150602167,81.0485151711862,65.8176333438715,75.4920501889528,123.140674992882,92.5366381911316,86.9393154763451
96.2789122021936,96.4835910841073,111.697303630082,67.679533383075,93.4542112846374,82.084610868509,87.5634109794785,72.3325291521638,82.0069459972451,129.655570801174,99.0515339994239,93.4542112846374
89.7640163939013,89.968695275815,105.18240782179,61.1646375747827,86.9393154763451,75.5697150602167,81.0485151711862,65.8176333438715,75.4920501889528,123.140674992882,92.5366381911316,86.9393154763451
100.2521562519,100.456835133813,115.670547679788,71.6527774327809,97.4274553343433,86.0578549182149,91.5366550291844,76.3057732018697,85.980190046951,133.62881485088,103.02477804913,97.4274553343433
95.6936199417083,94.4127927050627,106.133553056475,88.4521993361497,93.305540892044,89.3745160567914,92.8466980673305,84.5304497341808,91.4598199280718,94.5191460143348,97.3693505342862,93.305540892044
89.3273945260095,88.0465672893638,99.7673276407761,82.0859739204509,86.9393154763451,83.0082906410926,86.4804726516317,78.164224318482,85.093594512373,88.152920598636,91.0031251185874,86.9393154763451
89.3273945260095,88.0465672893638,99.7673276407761,82.0859739204509,86.9393154763451,83.0082906410926,86.4804726516317,78.164224318482,85.093594512373,88.152920598636,91.0031251185874,86.9393154763451
89.3273945260095,88.0465672893638,99.7673276407761,82.0859739204509,86.9393154763451,83.0082906410926,86.4804726516317,78.164224318482,85.093594512373,88.152920598636,91.0031251185874,86.9393154763451
96.2193092390885,94.9384820024429,106.659242353855,88.97788863353,93.8312301894242,89.9002053541717,93.3723873647108,85.0561390315611,91.9855092254521,95.0448353117151,97.8950398316664,93.8312301894242
89.3273945260095,88.0465672893638,99.7673276407761,82.0859739204509,86.9393154763451,83.0082906410926,86.4804726516317,78.164224318482,85.093594512373,88.152920598636,91.0031251185874,86.9393154763451
95.8422903343018,94.5614630976561,106.282223449068,88.6008697287432,93.4542112846374,89.5231864493849,92.995368459924,84.6791201267743,91.6084903206653,94.6678164069283,97.5180209268797,93.4542112846374
89.3273945260095,88.0465672893638,99.7673276407761,82.0859739204509,86.9393154763451,83.0082906410926,86.4804726516317,78.164224318482,85.093594512373,88.152920598636,91.0031251185874,86.9393154763451
99.8155343840076,98.534707147362,110.255467498774,92.5741137784491,97.4274553343433,93.4964304990908,96.96861250963,88.6523641764802,95.5817343703712,98.6410604566342,101.491264976586,97.4274553343433
95.6257009844807,92.9256397834615,96.4745824949461,63.9424905601084,93.305540892044,94.819125910287,92.6427679230135,82.336927903345,96.8567610701775,133.071849976706,97.5227018415407,93.305540892044
89.2594755687818,86.5594143677627,90.1083570792473,57.5762651444096,86.9393154763451,88.4529004945881,86.2765425073147,75.9707024876462,90.4905356544787,126.705624561007,91.1564764258418,86.9393154763451
89.2594755687818,86.5594143677627,90.1083570792473,57.5762651444096,86.9393154763451,88.4529004945881,86.2765425073147,75.9707024876462,90.4905356544787,126.705624561007,91.1564764258418,86.9393154763451
89.2594755687818,86.5594143677627,90.1083570792473,57.5762651444096,86.9393154763451,88.4529004945881,86.2765425073147,75.9707024876462,90.4905356544787,126.705624561007,91.1564764258418,86.9393154763451
96.1513902818609,93.4513290808417,97.0002717923263,64.4681798574887,93.8312301894242,95.3448152076672,93.1684572203937,82.8626172007252,97.3824503675578,133.597539274086,98.0483911389208,93.8312301894242
89.2594755687818,86.5594143677627,90.1083570792473,57.5762651444096,86.9393154763451,88.4529004945881,86.2765425073147,75.9707024876462,90.4905356544787,126.705624561007,91.1564764258418,86.9393154763451
95.7743713770741,93.074310176055,96.6232528875396,64.0911609527019,93.4542112846374,94.9677963028805,92.791438315607,82.4855982959384,97.005431462771,133.220520369299,97.6713722341341,93.4542112846374
89.2594755687818,86.5594143677627,90.1083570792473,57.5762651444096,86.9393154763451,88.4529004945881,86.2765425073147,75.9707024876462,90.4905356544787,126.705624561007,91.1564764258418,86.9393154763451
99.74761542678,97.0475542257608,100.596496937245,68.0644050024078,97.4274553343433,98.9410403525864,96.7646823653129,86.4588423456443,100.978675512477,137.193764419005,101.64461628384,97.4274553343433
88.8046971371916,92.0238622023206,79.3502106237503,80.672775255177,93.305540892044,105.890744041164,100.57750444735,75.0675598442926,104.822541631606,114.391197237915,93.305540892044,93.305540892044
82.4384717214928,85.6576367866218,72.9839852080515,74.3065498394782,86.9393154763451,99.5245186254647,94.2112790316515,68.7013344285938,98.456316215907,108.024971822217,86.9393154763451,86.9393154763451
82.4384717214928,85.6576367866218,72.9839852080515,74.3065498394782,86.9393154763451,99.5245186254647,94.2112790316515,68.7013344285938,98.456316215907,108.024971822217,86.9393154763451,86.9393154763451
82.4384717214928,85.6576367866218,72.9839852080515,74.3065498394782,86.9393154763451,99.5245186254647,94.2112790316515,68.7013344285938,98.456316215907,108.024971822217,86.9393154763451,86.9393154763451
89.3303864345719,92.5495514997008,79.8758999211306,81.1984645525573,93.8312301894242,106.416433338544,101.103193744731,75.5932491416728,105.348230928986,114.916886535296,93.8312301894242,93.8312301894242
82.4384717214928,85.6576367866218,72.9839852080515,74.3065498394782,86.9393154763451,99.5245186254647,94.2112790316515,68.7013344285938,98.456316215907,108.024971822217,86.9393154763451,86.9393154763451
88.9533675297851,92.1725325949141,79.4988810163438,80.8214456477705,93.4542112846374,106.039414433757,100.726174839944,75.216230236886,104.971212024199,114.539867630509,93.4542112846374,93.4542112846374
82.4384717214928,85.6576367866218,72.9839852080515,74.3065498394782,86.9393154763451,99.5245186254647,94.2112790316515,68.7013344285938,98.456316215907,108.024971822217,86.9393154763451,86.9393154763451
92.926611579491,96.1457766446199,83.4721250660497,84.7946896974764,97.4274553343433,110.012658483463,104.69941888965,79.189474286592,108.944456073905,118.513111680215,97.4274553343433,97.4274553343433
83.5154723289595,86.2143050213963,75.4298657962036,74.6536840244868,86.9393154763451,98.3969371623157,94.2112790316515,77.062874445259,99.7120494867791,104.276425370072,86.9393154763451,86.9393154763451
89.3858387331369,92.0846714255737,81.300232200381,80.5240504286642,92.8096818805226,104.267303566493,100.081645435829,82.9332408494364,105.582415890957,110.146791774249,92.8096818805226,92.8096818805226
91.1498700654718,93.8487027579086,83.0642635327159,82.2880817609991,94.5737132128575,106.031334898828,101.845676768164,84.6972721817713,107.346447223291,111.910823106584,94.5737132128575,94.5737132128575
83.5154723289595,86.1637555515899,75.1523842239591,73.1390708622102,86.9393154763451,98.3969371623157,94.2112790316515,77.062874445259,99.7098144993398,106.852065109918,86.9393154763451,86.9393154763451
89.3858387331369,92.0341219557674,81.0227506281366,79.0094372663876,92.8096818805226,104.267303566493,100.081645435829,82.9332408494364,105.580180903517,112.722431514095,92.8096818805226,92.8096818805226
91.1498700654718,93.7981532881022,82.7867819604714,80.7734685987225,94.5737132128575,106.031334898828,101.845676768164,84.6972721817713,107.344212235852,114.48646284643,94.5737132128575,94.5737132128575
86.7755822758857,85.4423334911705,76.9334143117069,68.8083740264361,86.9393154763451,95.2736225580184,90.3551453936561,68.7802645028414,98.0557845514452,113.630620568835,86.9393154763451,86.9393154763451
86.7755822758857,85.4423334911705,76.9334143117069,68.8083740264361,86.9393154763451,95.2736225580184,90.3551453936561,68.7802645028414,98.0557845514452,113.630620568835,86.9393154763451,86.9393154763451
86.7755822758857,85.4423334911705,76.9334143117069,68.8083740264361,86.9393154763451,95.2736225580184,90.3551453936561,68.7802645028414,98.0557845514452,113.630620568835,86.9393154763451,86.9393154763451
93.2904780841779,91.9572292994628,83.4483101199992,75.3232698347284,93.4542112846374,101.788518366311,96.8700412019484,75.2951603111337,104.570680359738,120.145516377127,93.4542112846374,93.4542112846374
86.7755822758857,85.4423334911705,76.9334143117069,68.8083740264361,86.9393154763451,95.2736225580184,90.3551453936561,68.7802645028414,98.0557845514452,113.630620568835,86.9393154763451,86.9393154763451
86.7755822758857,85.4423334911705,76.9334143117069,68.8083740264361,86.9393154763451,95.2736225580184,90.3551453936561,68.7802645028414,98.0557845514452,113.630620568835,86.9393154763451,86.9393154763451
86.7755822758857,85.4423334911705,76.9334143117069,68.8083740264361,86.9393154763451,95.2736225580184,90.3551453936561,68.7802645028414,98.0557845514452,113.630620568835,86.9393154763451,86.9393154763451
86.7755822758857,85.4423334911705,76.9334143117069,68.8083740264361,86.9393154763451,95.2736225580184,90.3551453936561,68.7802645028414,98.0557845514452,113.630620568835,86.9393154763451,86.9393154763451
85.9993656218556,88.044695083034,79.4523016697055,63.9337959431406,86.9393154763451,94.026874871418,91.523108947472,60.8106214827314,98.2191678680171,118.692082867855,86.9393154763451,86.9393154763451
85.9993656218556,88.044695083034,79.4523016697055,63.9337959431406,86.9393154763451,94.026874871418,91.523108947472,60.8106214827314,98.2191678680171,118.692082867855,86.9393154763451,86.9393154763451
92.5142614301479,94.5595908913263,85.9671974779978,70.4486917514329,93.4542112846374,100.54177067971,98.0380047557643,67.3255172910237,104.734063676309,125.206978676148,93.4542112846374,93.4542112846374
95.1809618431416,97.22629130432,88.6338978909915,73.1153921644266,96.1209116976311,103.208471092704,100.704705168758,69.9922177040174,107.400764089303,127.873679089141,96.1209116976311,96.1209116976311
96.1825873566198,98.2279168177981,89.6355234044696,74.1170176779047,97.1225372111093,104.210096606182,101.706330682236,70.9938432174955,108.402389602781,128.87530460262,97.1225372111093,97.1225372111093
85.9993656218556,88.044695083034,79.4523016697055,63.9337959431406,86.9393154763451,94.026874871418,91.523108947472,60.8106214827314,98.2191678680171,118.692082867855,86.9393154763451,86.9393154763451
85.9993656218556,88.044695083034,79.4523016697055,63.9337959431406,86.9393154763451,94.026874871418,91.523108947472,60.8106214827314,98.2191678680171,118.692082867855,86.9393154763451,86.9393154763451
85.9993656218556,88.044695083034,79.4523016697055,63.9337959431406,86.9393154763451,94.026874871418,91.523108947472,60.8106214827314,98.2191678680171,118.692082867855,86.9393154763451,86.9393154763451
85.9993656218556,88.044695083034,79.4523016697055,63.9337959431406,86.9393154763451,94.026874871418,91.523108947472,60.8106214827314,98.2191678680171,118.692082867855,86.9393154763451,86.9393154763451
74.5618750773866,76.6072045385649,68.0148111252364,52.4963053986715,75.5018249318761,82.589384326949,80.0856184030029,49.3731309382623,86.7816773235481,107.254592323386,75.5018249318761,75.5018249318761
93.9571455390246,96.0024750002029,87.4100815868744,71.8915758603095,94.8970953935141,101.984654788587,99.4808888646409,68.7684013999003,106.176947785186,126.649862785024,94.8970953935141,94.8970953935141
92.9896111949291,95.0349406561075,86.442547242779,70.9240415162141,93.9295610494186,101.017120444492,98.5133545205455,67.8008670558049,105.209413441091,125.682328440929,93.9295610494186,93.9295610494186
96.4875054798538,98.5328349410322,89.9404415277037,74.4219358011388,97.4274553343433,104.515014729416,102.01124880547,71.2987613407296,108.707307726015,129.180222725854,97.4274553343433,97.4274553343433
85.9993656218556,88.1632679128199,78.6287356039473,72.9779418023935,86.9393154763451,93.8124271491226,91.523108947472,64.4106588808291,97.5285831771768,106.264290912876,86.9393154763451,86.9393154763451
85.9993656218556,88.1632679128199,78.6287356039473,72.9779418023935,86.9393154763451,93.8124271491226,91.523108947472,64.4106588808291,97.5285831771768,106.264290912876,86.9393154763451,86.9393154763451
85.9993656218556,88.1632679128199,78.6287356039473,72.9779418023935,86.9393154763451,93.8124271491226,91.523108947472,64.4106588808291,97.5285831771768,106.264290912876,86.9393154763451,86.9393154763451
92.5142614301479,94.6781637211122,85.1436314122396,79.4928376106858,93.4542112846374,100.327322957415,98.0380047557643,70.9255546891214,104.043478985469,112.779186721168,93.4542112846374,93.4542112846374
92.7051858236927,95.5342420499857,89.1016384175772,71.8819129706535,93.305540892044,99.8924547677513,99.4466191015921,66.927207593833,112.356814810199,112.170863698079,93.305540892044,93.305540892044
93.2308751210728,96.0599313473659,89.6273277149573,72.4076022680337,93.8312301894242,100.418144065132,99.9723083989723,67.4528968912133,112.88250410758,112.696552995459,93.8312301894242,93.8312301894242
92.8538562162861,95.6829124425792,89.2503088101706,72.030583363247,93.4542112846374,100.041125160345,99.5952894941856,67.0758779864265,112.505485202793,112.319534090672,93.4542112846374,93.4542112846374
96.5221821427579,99.351238369051,92.9186347366424,75.6989092897188,97.1225372111093,103.709451086817,103.263615420657,70.7442039128983,116.173811129265,115.987860017144,97.1225372111093,97.1225372111093
86.3389604079938,89.1680166342869,82.7354130018783,65.5156875549547,86.9393154763451,93.5262293520525,93.0803936858933,60.5609821781342,105.990589394501,105.80463828238,86.9393154763451,86.9393154763451
92.7051858236927,95.3095777397351,88.7928095010985,66.7597049638502,93.305540892044,99.6458575283712,99.4466191015921,68.409440964879,112.424731749734,119.343029742881,93.305540892044,93.305540892044
92.8538562162861,95.4582481323285,88.9414798936919,66.9083753564437,93.4542112846374,99.7945279209647,99.5952894941856,68.5581113574724,112.573402142328,119.491700135474,93.4542112846374,93.4542112846374
92.4977277350004,95.1021196510428,88.5853514124062,66.5522468751579,93.0980828033516,99.4383994396789,99.2391610128998,68.2019828761866,112.217273661042,119.135571654188,93.0980828033516,93.0980828033516
95.5205566292798,98.1249485453222,91.6081803066856,69.5750757694374,96.1209116976311,102.461228333958,102.261989907179,71.2248117704661,115.240102555321,122.158400548468,96.1209116976311,96.1209116976311
86.3389604079938,88.9433523240363,82.4265840853996,60.3934795481514,86.9393154763451,93.2796321126724,93.0803936858933,62.0432155491801,106.058506334035,112.976804327182,86.9393154763451,86.9393154763451
86.3389604079938,88.9433523240363,82.4265840853996,60.3934795481514,86.9393154763451,93.2796321126724,93.0803936858933,62.0432155491801,106.058506334035,112.976804327182,86.9393154763451,86.9393154763451
81.0810610683336,83.6854529843761,77.1686847457394,55.1355802084912,81.6814161366849,88.0217327730122,87.822494346233,56.7853162095199,100.800606994375,107.718904987522,81.6814161366849,81.6814161366849
77.7477277350004,80.3521196510429,73.8353514124062,51.802246875158,78.3480828033518,84.688399439679,84.4891610128999,53.4519828761868,97.467273661042,104.385571654189,78.3480828033518,78.3480828033518
94.2967403251628,96.9011322412052,90.3843640025686,68.3512594653203,94.8970953935141,101.237412029841,101.038173603062,70.0009954663491,114.016286251204,120.934584244351,94.8970953935141,94.8970953935141
96.8271002659919,99.4314921820345,92.9147239433978,70.8816194061496,97.4274553343433,103.767771970671,103.568533543891,72.5313554071784,116.546646192034,123.46494418518,97.4274553343433,97.4274553343433
92.7364958694362,95.3408877854787,88.8241195468421,66.7910150095939,93.3368509377876,99.6771675741149,99.4779291473357,68.4407510106226,112.456041795478,119.374339788624,93.3368509377876,93.3368509377876
95.3234584699442,97.9278503859866,91.41108214735,69.3779776101018,95.9238135382955,102.264130174623,102.064891747844,71.0277136111305,115.043004395986,121.961302389132,95.9238135382955,95.9238135382955
87.5918586152697,91.883447008414,69.6134665360119,78.4814200416705,93.305540892044,119.745549527807,91.4933434732264,58.8469706906202,93.1621440310813,139.802855163503,92.9221626239079,93.305540892044
87.7405290078632,92.0321174010074,69.7621369286053,78.630090434264,93.4542112846374,119.8942199204,91.6420138658198,58.9956410832137,93.3108144236748,139.951525556097,93.0708330165014,93.4542112846374
87.3844005265774,91.6759889197216,69.4060084473196,78.2739619529782,93.0980828033516,119.538091439115,91.2858853845341,58.6395126019279,92.954685942389,139.595397074811,92.7147045352156,93.0980828033516
90.4072294208569,94.6988178140011,72.428837341599,81.2967908472577,96.1209116976311,122.560920333394,94.3087142788136,61.6623414962073,95.9775148366685,142.61822596909,95.7375334294951,96.1209116976311
81.2256331995709,85.5172215927151,63.247241120313,72.1151946259717,86.9393154763451,113.379324112108,85.1271180575276,52.4807452749214,86.7959186153825,133.436629747804,86.5559372082091,86.9393154763451
81.2256331995709,85.5172215927151,63.247241120313,72.1151946259717,86.9393154763451,113.379324112108,85.1271180575276,52.4807452749214,86.7959186153825,133.436629747804,86.5559372082091,86.9393154763451
75.9677338599107,80.2593222530549,57.9893417806529,66.8572952863114,81.6814161366849,108.121424772448,79.8692187178673,47.2228459352611,81.5380192757223,128.178730408144,81.2980378685489,81.6814161366849
72.6344005265775,76.9259889197217,54.6560084473197,63.5239619529783,78.3480828033518,104.788091439115,76.5358853845342,43.889512601928,78.2046859423891,124.845397074811,77.9647045352157,78.3480828033518
89.1834131167398,93.4750015098841,71.205021037482,80.0729745431406,94.8970953935141,121.337104029277,93.0848979746965,60.4385251920903,94.7536985325514,141.394409664973,94.513717125378,94.8970953935141
91.713773057569,96.0053614507133,73.7353809783112,82.6033344839699,97.4274553343433,123.867463970106,95.6152579155258,62.9688851329196,97.2840584733807,143.924769605803,97.0440770662073,97.4274553343433
87.6231686610133,91.9147570541576,69.6447765817555,78.5127300874142,93.3368509377876,119.776859573551,91.52465351897,58.8782807363638,93.193454076825,139.834165209247,92.9534726696515,93.3368509377876
90.2101312615213,94.5017196546655,72.2317391822634,81.099692687922,95.9238135382955,122.363822174058,94.111616119478,61.4652433368717,95.7804166773329,142.421127809755,95.5404352701595,95.9238135382955
92.404401870256,92.9268879172703,82.025471391604,97.5732348520169,93.305540892044,102.668198450768,98.1674209236032,83.51215999723,103.988776308257,86.2810613695045,91.3886495513637,93.305540892044
92.5530722628495,93.0755583098637,82.1741417841974,97.7219052446104,93.4542112846374,102.816868843361,98.3160913161967,83.6608303898235,104.13744670085,86.429731762098,91.5373199439572,93.4542112846374
92.1969437815637,92.719429828578,81.8180133029117,97.3657767633246,93.0980828033516,102.460740362076,97.9599628349109,83.3047019085377,103.781318219564,86.0736032808122,91.1811914626713,93.0980828033516
95.2197726758432,95.7422587228574,84.8408421971911,100.388605657604,96.1209116976311,105.483569256355,100.98279172919,86.3275308028172,106.804147113844,89.0964321750917,94.2040203569509,96.1209116976311
86.0381764545572,86.5606625015714,75.6592459759052,91.2070094363181,86.9393154763451,96.3019730350692,91.8011955079044,77.1459345815312,97.6225508925579,79.9148359538057,85.0224241356649,86.9393154763451
86.0381764545572,86.5606625015714,75.6592459759052,91.2070094363181,86.9393154763451,96.3019730350692,91.8011955079044,77.1459345815312,97.6225508925579,79.9148359538057,85.0224241356649,86.9393154763451
80.7802771148969,81.3027631619112,70.401346636245,85.9491100966578,81.6814161366849,91.0440736954089,86.5432961682441,71.888035241871,92.3646515528977,74.6569366141455,79.7645247960047,81.6814161366849
77.4469437815637,77.969429828578,67.0680133029117,82.6157767633247,78.3480828033518,87.7107403620758,83.209962834911,68.5547019085378,89.0313182195646,71.3236032808123,76.4311914626714,78.3480828033518
93.9959563717261,94.5184424187404,83.6170258930741,99.164789353487,94.8970953935141,104.259752952238,99.7589754250733,85.1037144987001,105.580330809727,87.8726158709746,92.9802040528338,94.8970953935141
96.5263163125553,97.0488023595697,86.1473858339033,101.695149294316,97.4274553343433,106.790112893067,102.289335365903,87.6340744395294,108.110690750556,90.4029758118039,95.510563993663,97.4274553343433
92.4357119159996,92.9581979630139,82.0567814373476,97.6045448977605,93.3368509377876,102.699508496512,98.1987309693469,83.5434700429737,104.020086354,86.3123714152482,91.4199595971073,93.3368509377876
95.0226745165075,95.5451605635218,84.6437440378555,100.191507498268,95.9238135382955,105.28647109702,100.785693569855,86.1304326434816,106.607048954508,88.8993340157561,94.0069221976153,95.9238135382955
94.1135601151707,90.9229035657877,83.6173802536579,75.4063221712341,92.4822923031857,96.1723502475882,98.2525884321573,72.6432238772363,104.746250789598,115.455430284052,92.4822923031857,92.4822923031857
94.936808704029,91.746152154646,84.4406288425162,76.2295707600924,93.305540892044,96.9955988364465,99.0758370210156,73.4664724660946,105.569499378456,116.27867887291,93.305540892044,93.305540892044
95.0854790966224,91.8948225472395,84.5892992351097,76.3782411526859,93.4542112846374,97.14426922904,99.224507413609,73.6151428586881,105.718169771049,116.427349265504,93.4542112846374,93.4542112846374
97.7521795096161,94.5615229602332,87.2559996481034,79.0449415656796,96.1209116976311,99.8109696420337,101.891207826603,76.2818432716818,108.384870184043,119.094049678497,96.1209116976311,96.1209116976311
88.5705832883301,85.3799267389472,78.0744034268174,69.8633453443936,86.9393154763451,90.6293734207477,92.7096116053168,67.1002470503958,99.2032739627572,109.912453457211,86.9393154763451,86.9393154763451
96.5283632054991,93.3377066561161,86.0321833439863,77.8211252615625,94.8970953935141,98.5871533379166,100.667391522486,75.0580269675647,107.161053879926,117.87023337438,94.8970953935141,94.8970953935141
99.0587231463284,95.8680665969454,88.5625432848156,80.3514852023918,97.4274553343433,101.117513278746,103.197751463315,77.588386908394,109.691413820755,120.40059331521,97.4274553343433,97.4274553343433
94.9681187497726,91.7774622003897,84.4719388882598,76.2608808058361,93.3368509377876,97.0269088821902,99.1071470667592,73.4977825118383,105.6008094242,116.309988918654,93.3368509377876,93.3368509377876
97.5550813502805,94.3644248008976,87.0589014887678,78.847843406344,95.9238135382955,99.6138714826981,101.694109667267,76.0847451123462,108.187772024708,118.896951519162,95.9238135382955,95.9238135382955
85.46571667221,85.648275777439,82.1891511070739,71.1128022643754,86.9393154763451,95.5200496633241,92.7096116053168,59.6523685327252,108.319694551204,96.4398763564788,86.9393154763451,86.9393154763451
91.0086934990505,92.526757110845,85.1704976270457,86.6231661949622,92.4822923031857,101.026079944811,98.2525884321573,80.2792496649159,110.462632180755,92.8690510269414,92.4822923031857,92.4822923031857
91.8319420879088,93.3500056997033,85.9937462159041,87.4464147838205,93.305540892044,101.84932853367,99.0758370210156,81.1024982537741,111.285880769613,93.6922996157997,93.305540892044,93.305540892044
92.357631385289,93.8756949970835,86.5194355132843,87.9721040812007,93.8312301894242,102.37501783105,99.6015263183958,81.6281875511544,111.811570066994,94.2179889131799,93.8312301894242,93.8312301894242
85.46571667221,86.9837802840045,79.6275208002052,81.0801893681217,86.9393154763451,95.4831031179709,92.7096116053168,74.7362728380753,104.919655353915,87.3260742001009,86.9393154763451,86.9393154763451
91.8632521336525,93.381315745447,86.0250562616477,87.4777248295642,93.3368509377876,101.880638579413,99.1071470667592,81.1338082995178,111.317190815357,93.7236096615433,93.3368509377876,93.3368509377876
91.6975857795022,93.9827066591429,82.9580646269004,96.0856822446162,92.4822923031857,97.1397618285365,95.7312702842372,83.541080872778,103.892717432715,84.9796683776594,90.5654009625054,92.4822923031857
92.5208343683605,94.8059552480012,83.7813132157587,96.9089308334745,93.305540892044,97.9630104173948,96.5545188730954,84.3643294616363,104.715966021574,85.8029169665177,91.3886495513637,93.305540892044
93.0465236657407,95.3316445453814,84.3070025131389,97.4346201308548,93.8312301894242,98.4886997147751,97.0802081704757,84.8900187590166,105.241655318954,86.328606263898,91.9143388487439,93.8312301894242
86.1546089526616,88.4397298323023,77.4150878000598,90.5427054177757,86.9393154763451,91.596785001696,90.1882934573966,77.9981040459375,98.3497406058747,79.4366915508189,85.0224241356649,86.9393154763451
92.5521444141041,94.8372652937448,83.8126232615023,96.9402408792182,93.3368509377876,97.9943204631385,96.5858289188391,84.39563950738,104.747276067317,85.8342270122614,91.4199595971073,93.3368509377876
86.0312042050829,91.0346116540086,71.5510701754515,85.1322983678164,92.4822923031857,118.625922746676,90.2622345957339,78.5391168652235,84.2371679779634,128.954424202629,92.0989140350496,92.4822923031857
86.8544527939412,91.8578602428669,72.3743187643098,85.9555469566747,93.305540892044,119.449171335534,91.0854831845922,79.3623654540818,85.0604165668217,129.777672791487,92.9221626239079,93.305540892044
87.3801420913214,92.3835495402471,72.90000806169,86.481236254055,93.8312301894242,119.974860632914,91.6111724819725,79.8880547514621,85.5861058642019,130.303362088868,93.4478519212881,93.8312301894242
80.4882273782423,85.491634827168,66.008093348611,79.5893215409759,86.9393154763451,113.082945919835,84.7192577688934,72.996140038383,78.6941911511229,123.411447375789,86.5559372082091,86.9393154763451
86.8857628396848,91.8891702886105,72.4056288100534,85.9868570024184,93.3368509377876,119.480481381278,91.1167932303359,79.3936754998255,85.0917266125653,129.808982837231,92.9534726696515,93.3368509377876
86.7270687350088,88.5751524853571,77.5768891221614,54.8811696070552,86.9393154763451,95.030003041256,94.0073488873345,57.7846627060512,104.841150375525,126.489006654681,86.9393154763451,86.9393154763451
92.2700455618493,94.1181293121976,83.119865949002,60.4241464338957,92.4822923031857,100.572979868097,99.550325714175,63.3276395328917,110.384127202366,132.031983481522,92.4822923031857,92.4822923031857
93.0932941507076,94.9413779010559,83.9431145378603,61.247395022754,93.305540892044,101.396228456955,100.373574303033,64.15088812175,111.207375791224,132.85523207038,93.305540892044,93.305540892044
86.7270687350088,88.5751524853571,77.5768891221614,54.8811696070552,86.9393154763451,95.030003041256,94.0073488873345,57.7846627060512,104.841150375525,126.489006654681,86.9393154763451,86.9393154763451
93.6189834480879,95.4670671984361,84.4688038352405,61.7730843201343,93.8312301894242,101.921917754335,100.899263600414,64.6765774191303,111.733065088604,133.38092136776,93.8312301894242,93.8312301894242
93.2419645433011,95.0900482936494,84.0917849304537,61.3960654153475,93.4542112846374,101.544898849548,100.522244695627,64.2995585143435,111.356046183817,133.003902462974,93.4542112846374,93.4542112846374
86.7270687350088,88.5751524853571,77.5768891221614,54.8811696070552,86.9393154763451,95.030003041256,94.0073488873345,57.7846627060512,104.841150375525,126.489006654681,86.9393154763451,86.9393154763451
85.4463112558592,85.384919279799,68.5163320445523,93.9094547202606,86.9393154763451,100.554451091929,91.4118743232991,77.064710028381,103.81772512115,75.8413626421724,85.0224241356649,86.9393154763451
90.9892880826998,90.9278961066395,74.0593088713928,99.4524315471011,92.4822923031857,106.097427918769,96.9548511501396,82.6076868552215,109.360701947991,81.3843394690129,90.5654009625054,92.4822923031857
91.8125366715581,91.7511446954978,74.8825574602511,100.275680135959,93.305540892044,106.920676507628,97.7780997389979,83.4309354440798,110.183950536849,82.2075880578712,91.3886495513637,93.305540892044
85.4463112558592,85.384919279799,68.5163320445523,93.9094547202606,86.9393154763451,100.554451091929,91.4118743232991,77.064710028381,103.81772512115,75.8413626421724,85.0224241356649,86.9393154763451
92.3382259689383,92.2768339928781,75.4082467576313,100.80136943334,93.8312301894242,107.446365805008,98.3037890363781,83.9566247414601,110.70963983423,82.7332773552515,91.9143388487439,93.8312301894242
91.9612070641515,91.8998150880913,75.0312278528446,100.424350528553,93.4542112846374,107.069346900221,97.9267701315914,83.5796058366733,110.332620929443,82.3562584504647,91.5373199439572,93.4542112846374
85.4463112558592,85.384919279799,68.5163320445523,93.9094547202606,86.9393154763451,100.554451091929,91.4118743232991,77.064710028381,103.81772512115,75.8413626421724,85.0224241356649,86.9393154763451
85.4463112558592,85.384919279799,68.5163320445523,93.9094547202606,86.9393154763451,100.554451091929,91.4118743232991,77.064710028381,103.81772512115,75.8413626421724,85.0224241356649,86.9393154763451
90.9892880826998,90.9278961066395,74.0593088713928,99.4524315471011,92.4822923031857,106.097427918769,96.9548511501396,82.6076868552215,109.360701947991,81.3843394690129,90.5654009625054,92.4822923031857
91.8125366715581,91.7511446954978,74.8825574602511,100.275680135959,93.305540892044,106.920676507628,97.7780997389979,83.4309354440798,110.183950536849,82.2075880578712,91.3886495513637,93.305540892044
85.4463112558592,85.384919279799,68.5163320445523,93.9094547202606,86.9393154763451,100.554451091929,91.4118743232991,77.064710028381,103.81772512115,75.8413626421724,85.0224241356649,86.9393154763451
92.3382259689383,92.2768339928781,75.4082467576313,100.80136943334,93.8312301894242,107.446365805008,98.3037890363781,83.9566247414601,110.70963983423,82.7332773552515,91.9143388487439,93.8312301894242
91.9612070641515,91.8998150880913,75.0312278528446,100.424350528553,93.4542112846374,107.069346900221,97.9267701315914,83.5796058366733,110.332620929443,82.3562584504647,91.5373199439572,93.4542112846374
85.4463112558592,85.384919279799,68.5163320445523,93.9094547202606,86.9393154763451,100.554451091929,91.4118743232991,77.064710028381,103.81772512115,75.8413626421724,85.0224241356649,86.9393154763451
84.5439593955493,86.6643357178669,76.6520554372711,80.7406169416221,86.9393154763451,97.4937737139569,90.7919730323352,70.3538181342088,97.6554608632403,95.6465462955839,86.9393154763451,86.9393154763451
84.5439593955493,86.6643357178669,76.6520554372711,80.7406169416221,86.9393154763451,97.4937737139569,90.7919730323352,70.3538181342088,97.6554608632403,95.6465462955839,86.9393154763451,86.9393154763451
84.5439593955493,86.6643357178669,76.6520554372711,80.7406169416221,86.9393154763451,97.4937737139569,90.7919730323352,70.3538181342088,97.6554608632403,95.6465462955839,86.9393154763451,86.9393154763451
85.8780817696635,86.7871990125352,76.48131617502,65.7063216070842,86.9393154763451,96.2104019246962,90.7919730323352,77.8359704304862,97.7663033814294,119.161641805043,86.9393154763451,86.9393154763451
85.8780817696635,86.7871990125352,76.48131617502,65.7063216070842,86.9393154763451,96.2104019246962,90.7919730323352,77.8359704304862,97.7663033814294,119.161641805043,86.9393154763451,86.9393154763451
85.8780817696635,86.7871990125352,76.48131617502,65.7063216070842,86.9393154763451,96.2104019246962,90.7919730323352,77.8359704304862,97.7663033814294,119.161641805043,86.9393154763451,86.9393154763451
91.7484481738409,92.0461742636554,85.4722959608976,59.3665681385322,92.8096818805226,102.606788147173,96.6623394365127,75.3149972732516,104.433607329389,139.821298574393,92.8096818805226,92.8096818805226
92.3929775779558,92.6907036677703,86.1168253650124,60.0110975426471,93.4542112846374,103.251317551288,97.3068688406275,75.9595266773665,105.078136733503,140.465827978508,93.4542112846374,93.4542112846374
85.8780817696635,86.175807859478,79.6019295567201,53.4962017343548,86.9393154763451,96.736421742996,90.7919730323352,69.4446308690742,98.5632409252112,133.950932170216,86.9393154763451,86.9393154763451
93.9837399288321,94.2814660186466,87.7075877158887,61.6018598935234,95.0449736355138,104.842079902165,98.8976311915039,77.5502890282428,106.66889908438,142.056590329384,95.0449736355138,95.0449736355138
85.8780817696635,86.175807859478,79.6019295567201,53.4962017343548,86.9393154763451,96.736421742996,90.7919730323352,69.4446308690742,98.5632409252112,133.950932170216,86.9393154763451,86.9393154763451
85.8780817696635,86.175807859478,79.6019295567201,53.4962017343548,86.9393154763451,96.736421742996,90.7919730323352,69.4446308690742,98.5632409252112,133.950932170216,86.9393154763451,86.9393154763451
85.8780817696635,86.175807859478,79.6019295567201,53.4962017343548,86.9393154763451,96.736421742996,90.7919730323352,69.4446308690742,98.5632409252112,133.950932170216,86.9393154763451,86.9393154763451
85.8780817696635,86.175807859478,79.6019295567201,53.4962017343548,86.9393154763451,96.736421742996,90.7919730323352,69.4446308690742,98.5632409252112,133.950932170216,86.9393154763451,86.9393154763451
92.868327342737,93.1660534325515,86.5921751297936,60.4864473074283,93.9295610494186,103.726667316069,97.7822186054087,76.4348764421476,105.553486498285,140.941177743289,93.9295610494186,93.9295610494186
91.1627613721225,91.4604874619371,84.8866091591792,58.7808813368139,92.2239950788043,102.021101345455,96.0766526347944,74.7293104715333,103.84792052767,139.235611772675,92.2239950788043,92.2239950788043
90.4143257997267,92.6351379930285,82.141668163127,78.407005393402,92.8096818805226,103.326334940372,96.6623394365127,78.0145951070307,104.249132964074,113.967901922911,92.8096818805226,92.8096818805226
91.0588552038416,93.2796673971434,82.7861975672419,79.0515347975169,93.4542112846374,103.970864344487,97.3068688406275,78.6591245111455,104.893662368189,114.612431327026,93.4542112846374,93.4542112846374
84.5439593955493,86.7647715888511,76.2713017589496,72.5366389892246,86.9393154763451,97.4559685361945,90.7919730323352,72.1442287028532,98.3787665598968,108.097535518733,86.9393154763451,86.9393154763451
92.6496175547179,94.8704297480197,84.3769599181181,80.6422971483932,95.0449736355138,105.561626695363,98.8976311915039,80.2498868620219,106.484424719065,116.203193677902,95.0449736355138,95.0449736355138
84.5439593955493,86.7647715888511,76.2713017589496,72.5366389892246,86.9393154763451,97.4559685361945,90.7919730323352,72.1442287028532,98.3787665598968,108.097535518733,86.9393154763451,86.9393154763451
84.5439593955493,86.7647715888511,76.2713017589496,72.5366389892246,86.9393154763451,97.4559685361945,90.7919730323352,72.1442287028532,98.3787665598968,108.097535518733,86.9393154763451,86.9393154763451
84.5439593955493,86.7647715888511,76.2713017589496,72.5366389892246,86.9393154763451,97.4559685361945,90.7919730323352,72.1442287028532,98.3787665598968,108.097535518733,86.9393154763451,86.9393154763451
84.5439593955493,86.7647715888511,76.2713017589496,72.5366389892246,86.9393154763451,97.4559685361945,90.7919730323352,72.1442287028532,98.3787665598968,108.097535518733,86.9393154763451,86.9393154763451
91.5342049686228,93.7550171619246,83.261547332023,79.5268845622981,93.9295610494186,104.446214109268,97.7822186054087,79.1344742759267,105.36901213297,115.087781091807,93.9295610494186,93.9295610494186
89.8286389980084,92.0494511913101,81.5559813614086,77.8213185916837,92.2239950788043,102.740648138654,96.0766526347944,77.4289083053123,103.663446162356,113.382215121193,92.2239950788043,92.2239950788043
83.7859353193481,86.4605386668479,75.7066382683699,57.8283119829343,86.9393154763451,96.091048533957,90.9657771326055,61.6907262277762,95.1391415073499,135.331623665374,86.9393154763451,86.9393154763451
90.3008311276404,92.9754344751402,82.2215340766622,64.3432077912265,93.4542112846374,102.605944342249,97.4806729408978,68.2056220360685,101.654037315642,141.846519473666,93.4542112846374,93.4542112846374
83.7859353193481,86.4605386668479,75.7066382683699,57.8283119829343,86.9393154763451,96.091048533957,90.9657771326055,61.6907262277762,95.1391415073499,135.331623665374,86.9393154763451,86.9393154763451
91.8915934785167,94.5661968260165,83.8122964275385,65.9339701421029,95.0449736355138,104.196706693126,99.0714352917741,69.7963843869449,103.244799666519,143.437281824542,95.0449736355138,95.0449736355138
83.7859353193481,86.4605386668479,75.7066382683699,57.8283119829343,86.9393154763451,96.091048533957,90.9657771326055,61.6907262277762,95.1391415073499,135.331623665374,86.9393154763451,86.9393154763451
90.7761808924216,93.4507842399213,82.6968838414434,64.8185575560077,93.9295610494186,103.08129410703,97.9560227056789,68.6809718008497,102.129387080423,142.321869238447,93.9295610494186,93.9295610494186
92.7704333812985,95.4450367287982,84.6911363303203,66.8128100448846,95.9238135382955,105.075546595907,99.9502751945558,70.6752242897266,104.1236395693,144.316121727324,95.9238135382955,95.9238135382955
89.0706149218072,91.745218269307,80.991317870829,63.1129915853934,92.2239950788043,101.375728136416,96.2504567350646,66.9754058302353,100.423821109809,140.616303267833,92.2239950788043,92.2239950788043
86.1206494740478,87.8773669807064,84.7538527952025,87.7661619675096,86.9393154763451,88.1076276310942,87.4027930770658,86.5255922492295,87.755395087955,86.4027238638772,85.0224241356649,86.9393154763451
92.6355452823401,94.3922627889987,91.2687486034948,94.2810577758019,93.4542112846374,94.6225234393866,93.9176888853581,93.0404880575218,94.2702908962473,92.9176196721695,91.5373199439572,93.4542112846374
86.1206494740478,87.8773669807064,84.7538527952025,87.7661619675096,86.9393154763451,88.1076276310942,87.4027930770658,86.5255922492295,87.755395087955,86.4027238638772,85.0224241356649,86.9393154763451
94.2263076332164,95.9830251398749,92.8595109543711,95.8718201266782,95.0449736355138,96.2132857902629,95.5084512362344,94.6312504083981,95.8610532471237,94.5083820230459,93.1280822948335,95.0449736355138
86.1206494740478,87.8773669807064,84.7538527952025,87.7661619675096,86.9393154763451,88.1076276310942,87.4027930770658,86.5255922492295,87.755395087955,86.4027238638772,85.0224241356649,86.9393154763451
93.1108950471213,94.8676125537798,91.744098368276,94.7564075405831,93.9295610494186,95.0978732041677,94.3930386501393,93.515837822303,94.7456406610285,93.3929694369507,92.0126697087384,93.9295610494186
95.1051475359982,96.8618650426567,93.7383508571529,96.75066002946,95.9238135382955,97.0921256930446,96.3872911390162,95.5100903111799,96.7398931499054,95.3872219258276,94.0069221976153,95.9238135382955
91.4053290765069,93.1620465831654,90.0385323976616,93.0508415699687,92.2239950788043,93.3923072335533,92.6874726795249,91.8102718516886,93.0400746904141,91.6874034663363,90.3071037381239,92.2239950788043
83.9072191715403,85.9252057400789,72.282394807096,76.3025007326369,86.9393154763451,98.147352376511,89.5463769803986,74.5362229587595,99.960319080356,104.050396472389,86.9393154763451,86.9393154763451
90.2734445872392,92.2914311557778,78.6486202227948,82.6687261483357,93.305540892044,104.51357779221,95.9126023960974,80.9024483744583,106.326544496055,110.416621888088,93.305540892044,93.305540892044
90.7991338846193,92.817120453158,79.174309520175,83.194415445716,93.8312301894242,105.03926708959,96.4382916934777,81.4281376718385,106.852233793435,110.942311185468,93.8312301894242,93.8312301894242
83.9072191715403,85.9252057400789,72.282394807096,76.3025007326369,86.9393154763451,98.147352376511,89.5463769803986,74.5362229587595,99.960319080356,104.050396472389,86.9393154763451,86.9393154763451
92.0128773307089,94.0308638992475,80.3880529662646,84.4081588918056,95.0449736355138,106.25301053568,97.6520351395672,82.6418811179281,108.065977239525,112.156054631558,95.0449736355138,95.0449736355138
83.9072191715403,86.3513268518612,72.1957091777624,74.7309623696225,86.9393154763451,98.1551706215099,89.5463769803986,74.5362229587595,99.9315234566435,106.644610537282,86.9393154763451,86.9393154763451
90.2734445872392,92.7175522675601,78.5619345934612,81.0971877853213,93.305540892044,104.521396037209,95.9126023960974,80.9024483744583,106.297748872342,113.010835952981,93.305540892044,93.305540892044
90.7991338846193,93.2432415649403,79.0876238908414,81.6228770827016,93.8312301894242,105.047085334589,96.4382916934777,81.4281376718385,106.823438169723,113.536525250361,93.8312301894242,93.8312301894242
92.0128773307089,94.4569850110298,80.301367336931,82.8366205287911,95.0449736355138,106.260828780678,97.6520351395672,82.6418811179281,108.037181615812,114.75026869645,95.0449736355138,95.0449736355138
85.2110205826064,87.5360800504482,82.0958213215156,76.4447253961812,86.9393154763451,91.4812990615013,88.9670299794978,67.7280738401055,88.5554004120982,105.866552699203,91.1564764258418,86.9393154763451
85.2110205826064,87.5360800504482,82.0958213215156,76.4447253961812,86.9393154763451,91.4812990615013,88.9670299794978,67.7280738401055,88.5554004120982,105.866552699203,91.1564764258418,86.9393154763451
92.8454183191187,95.1704777869605,89.730219058028,84.0791231326936,94.5737132128575,99.1156967980136,96.6014277160101,75.3624715766178,96.1897981486105,113.500950435716,98.790874162354,94.5737132128575
94.2661837045301,96.5912431723719,91.1509844434394,85.499888518105,95.9944785982689,100.536462183425,98.0221931014215,76.7832369620292,97.610563534022,114.921715821127,100.211639547765,95.9944785982689
85.2110205826064,87.5360800504482,82.0958213215156,76.4447253961812,86.9393154763451,91.4812990615013,88.9670299794978,67.7280738401055,88.5554004120982,105.866552699203,91.1564764258418,86.9393154763451
88.9919057746678,91.3169652425096,85.876706513577,80.2256105882426,90.7202006684065,95.2621842535626,92.7479151715592,71.5089590321668,92.3362856041596,109.647437891265,94.9373616179031,90.7202006684065
93.316678741775,95.6417382096168,90.2014794806842,84.5503835553499,95.0449736355138,99.5869572206699,97.0726881386665,75.8337319992741,96.6610585712669,113.972210858372,99.2621345850104,95.0449736355138
89.8746088193373,92.1996682871791,86.7594095582465,81.1083136329121,91.602903713076,96.1448872982321,93.6306182162287,72.3916620768363,93.2189886488291,110.530140935934,95.8200646625726,91.602903713076
85.2110205826064,87.5360800504482,82.0958213215156,76.4447253961812,86.9393154763451,91.4812990615013,88.9670299794978,67.7280738401055,88.5554004120982,105.866552699203,91.1564764258418,86.9393154763451
85.2110205826064,87.5360800504482,82.0958213215156,76.4447253961812,86.9393154763451,91.4812990615013,88.9670299794978,67.7280738401055,88.5554004120982,105.866552699203,91.1564764258418,86.9393154763451
79.076376652032,81.4014361198738,75.9611773909412,70.3100814656068,80.8046715457707,85.3466551309268,82.8323860489234,61.593429909531,82.4207564815238,99.731908768629,85.0218324952673,80.8046715457707
85.2110205826064,87.5360800504482,82.0958213215156,76.4447253961812,86.9393154763451,91.4812990615013,88.9670299794978,67.7280738401055,88.5554004120982,105.866552699203,91.1564764258418,86.9393154763451
85.2110205826064,87.3439842637158,82.2889809054517,71.0605059905753,86.9393154763451,91.4874033691002,88.9670299794978,66.7522032818656,88.1974382283201,114.759526768912,91.1564764258418,86.9393154763451
85.2110205826064,87.3439842637158,82.2889809054517,71.0605059905753,86.9393154763451,91.4874033691002,88.9670299794978,66.7522032818656,88.1974382283201,114.759526768912,91.1564764258418,86.9393154763451
92.8454183191187,94.9783820002281,89.923378641964,78.6949037270876,94.5737132128575,99.1218011056126,96.6014277160101,74.3866010183779,95.8318359648324,122.393924505424,98.790874162354,94.5737132128575
94.2661837045301,96.3991473856395,91.3441440273754,80.115669112499,95.9944785982689,100.542566491024,98.0221931014215,75.8073664037893,97.2526013502438,123.814689890836,100.211639547765,95.9944785982689
85.2110205826064,87.3439842637158,82.2889809054517,71.0605059905753,86.9393154763451,91.4874033691002,88.9670299794978,66.7522032818656,88.1974382283201,114.759526768912,91.1564764258418,86.9393154763451
88.9919057746678,91.1248694557771,86.0698660975131,74.8413911826366,90.7202006684065,95.2682885611616,92.7479151715592,70.5330884739269,91.9783234203815,118.540411960973,94.9373616179031,90.7202006684065
93.316678741775,95.4496424228844,90.3946390646203,79.1661641497439,95.0449736355138,99.5930615282689,97.0726881386665,74.8578614410342,96.3030963874887,122.86518492808,99.2621345850104,95.0449736355138
89.8746088193373,92.0075725004466,86.9525691421825,75.7240942273061,91.602903713076,96.1509916058311,93.6306182162287,71.4157915185964,92.861026465051,119.423115005643,95.8200646625726,91.602903713076
85.2110205826064,87.3439842637158,82.2889809054517,71.0605059905753,86.9393154763451,91.4874033691002,88.9670299794978,66.7522032818656,88.1974382283201,114.759526768912,91.1564764258418,86.9393154763451
85.2110205826064,87.3439842637158,82.2889809054517,71.0605059905753,86.9393154763451,91.4874033691002,88.9670299794978,66.7522032818656,88.1974382283201,114.759526768912,91.1564764258418,86.9393154763451
79.076376652032,81.2093403331413,76.1543369748773,64.9258620600008,80.8046715457707,85.3527594385258,82.8323860489234,60.6175593512911,82.0627942977457,108.624882838337,85.0218324952673,80.8046715457707
85.2110205826064,87.3439842637158,82.2889809054517,71.0605059905753,86.9393154763451,91.4874033691002,88.9670299794978,66.7522032818656,88.1974382283201,114.759526768912,91.1564764258418,86.9393154763451
84.7865270999337,85.9232555303006,77.5950615648897,90.4746142558751,86.9393154763451,93.4432993493392,88.6194217789574,76.5553643930016,94.9102161604284,81.6982600922596,91.1564764258418,86.9393154763451
84.7865270999337,85.9232555303006,77.5950615648897,90.4746142558751,86.9393154763451,93.4432993493392,88.6194217789574,76.5553643930016,94.9102161604284,81.6982600922596,91.1564764258418,86.9393154763451
93.8416902218574,94.9784186522243,86.6502246868134,99.5297773777988,95.9944785982689,102.498462471263,97.6745849008811,85.6105275149254,103.965379282352,90.7534232141833,100.211639547765,95.9944785982689
84.7865270999337,85.9232555303006,77.5950615648897,90.4746142558751,86.9393154763451,93.4432993493392,88.6194217789574,76.5553643930016,94.9102161604284,81.6982600922596,91.1564764258418,86.9393154763451
83.5130466519157,86.3454762169096,73.900636598369,54.1119196877112,86.9393154763451,98.1044893246408,93.8625121371093,54.0235815699809,100.355497732627,136.935207061095,86.9393154763451,86.9393154763451
83.5130466519157,86.3454762169096,73.900636598369,54.1119196877112,86.9393154763451,98.1044893246408,93.8625121371093,54.0235815699809,100.355497732627,136.935207061095,86.9393154763451,86.9393154763451
83.5130466519157,86.3454762169096,73.900636598369,54.1119196877112,86.9393154763451,98.1044893246408,93.8625121371093,54.0235815699809,100.355497732627,136.935207061095,86.9393154763451,86.9393154763451
83.5130466519157,86.3454762169096,73.900636598369,54.1119196877112,86.9393154763451,98.1044893246408,93.8625121371093,54.0235815699809,100.355497732627,136.935207061095,86.9393154763451,86.9393154763451
77.2799886137727,80.1124181787667,67.6675785602261,47.8788616495683,80.7062574382022,91.8714312864978,87.6294540989664,47.7905235318379,94.1224396944845,130.702149022952,80.7062574382022,80.7062574382022
72.5924886137728,75.4249181787667,62.9800785602262,43.1913616495684,76.0187574382023,87.1839312864979,82.9419540989665,43.1030235318381,89.4349396944846,126.014649022952,76.0187574382023,76.0187574382023
78.4049886137728,81.2374181787668,68.7925785602262,49.0038616495684,81.8312574382023,92.9964312864979,88.7544540989665,48.9155235318381,95.2474396944846,131.827149022952,81.8312574382023,81.8312574382023
83.5130466519157,86.3454762169096,73.900636598369,54.1119196877112,86.9393154763451,98.1044893246408,93.8625121371093,54.0235815699809,100.355497732627,136.935207061095,86.9393154763451,86.9393154763451
91.6187048110843,94.4511343760782,82.0062947575376,62.2175778468798,95.0449736355138,106.210147483809,101.968170296278,62.1292397291495,108.461155891796,145.040865220264,95.0449736355138,95.0449736355138
88.1766348886465,91.0090644536405,78.5642248350999,58.7755079244421,91.602903713076,102.768077561372,98.5261003738401,58.6871698067117,105.019085969358,141.598795297826,91.602903713076,91.602903713076
83.5130466519157,86.3454762169096,73.900636598369,54.1119196877112,86.9393154763451,98.1044893246408,93.8625121371093,54.0235815699809,100.355497732627,136.935207061095,86.9393154763451,86.9393154763451
83.5130466519157,86.4459120822771,72.1687632193836,92.5275963557321,86.9393154763451,98.3224000973024,93.9783815372895,81.1414540994693,98.9388245267123,79.0493549591728,86.9393154763451,86.9393154763451
89.3834130560931,92.3162784864545,78.0391296235611,98.3979627599095,92.8096818805226,104.19276650148,99.8487479414669,87.0118205036468,104.80919093089,84.9197213633503,92.8096818805226,92.8096818805226
91.147444388428,94.0803098187894,79.8031609558959,100.161994092244,94.5737132128575,105.956797833815,101.612779273802,88.7758518359817,106.573222263225,86.6837526956852,94.5737132128575,94.5737132128575
89.4160721444824,92.3489375748438,78.0717887119504,98.4306218482989,92.8423409689119,104.225425589869,99.8814070298562,87.0444795920361,104.841850019279,84.9523804517396,92.8423409689119,92.8423409689119
92.5682097738394,95.5010752042008,81.2239263413073,101.582759477656,95.9944785982689,107.377563219226,103.033544659213,90.1966172213931,107.993987648636,88.1045180810966,95.9944785982689,95.9944785982689
83.5130466519157,86.4459120822771,72.1687632193836,92.5275963557321,86.9393154763451,98.3224000973024,93.9783815372895,81.1414540994693,98.9388245267123,79.0493549591728,86.9393154763451,86.9393154763451
91.6187048110843,94.5515702414457,80.2744213785522,100.633254514901,95.0449736355138,106.428058256471,102.084039696458,89.247112258638,107.044482685881,87.1550131183415,95.0449736355138,95.0449736355138
85.7871188805193,87.3049800400659,79.5338374164983,55.2665012731299,86.9393154763451,96.2822768568871,87.6924665775161,54.8381215803854,92.7902514993448,138.064113261172,86.5559372082091,86.9393154763451
93.4215166170316,94.9393777765782,87.1682351530106,62.9008990096422,94.5737132128575,103.916674593399,95.3268643140285,62.4725193168977,100.424649235857,145.698510997684,94.1903349447214,94.5737132128575
91.690144373086,93.2080055326326,85.436862909065,61.1695267656967,92.8423409689119,102.185302349454,93.5954920700829,60.7411470729522,98.6932769919116,143.967138753739,92.4589627007758,92.8423409689119
94.842282002443,96.3601431619896,88.589000538422,64.3216643950537,95.9944785982689,105.337439978811,96.7476296994399,63.8932847023091,101.845414621269,147.119276383095,95.6111003301328,95.9944785982689
85.7871188805193,87.3049800400659,79.5338374164983,55.2665012731299,86.9393154763451,96.2822768568871,87.6924665775161,54.8381215803854,92.7902514993448,138.064113261172,86.5559372082091,86.9393154763451
93.8927770396879,95.4106381992344,87.6394955756668,63.3721594322986,95.0449736355138,104.387935016056,95.7981247366848,62.943779739554,100.895909658513,146.16977142034,94.6615953673777,95.0449736355138
83.5130466519157,86.4966175702137,75.3975784893267,44.7268586597936,86.9393154763451,98.02331806064,93.8625121371093,61.8312630605573,100.796045031708,149.119964291905,86.9393154763451,86.9393154763451
89.3834130560931,92.3669839743911,81.2679448935043,50.597225063971,92.8096818805226,103.893684464817,99.7328785412867,67.7016294647347,106.666411435885,154.990330696082,92.8096818805226,92.8096818805226
91.147444388428,94.131015306726,83.0319762258391,52.3612563963059,94.5737132128575,105.657715797152,101.496909873622,69.4656607970696,108.43044276822,156.754362028417,94.5737132128575,94.5737132128575
89.4160721444824,92.3996430627805,81.3006039818935,50.6298841523603,92.8423409689119,103.926343553207,99.765537629676,67.7342885531241,106.699070524274,155.022989784471,92.8423409689119,92.8423409689119
92.5682097738394,95.5517806921374,84.4527416112505,53.7820217817173,95.9944785982689,107.078481182564,102.917675259033,70.886426182481,109.851208153631,158.175127413828,95.9944785982689,95.9944785982689
83.5130466519157,86.4966175702137,75.3975784893267,44.7268586597936,86.9393154763451,98.02331806064,93.8625121371093,61.8312630605573,100.796045031708,149.119964291905,86.9393154763451,86.9393154763451
91.6187048110843,94.6022757293823,83.5032366484954,52.8325168189622,95.0449736355138,106.128976219809,101.968170296278,69.9369212197259,108.901703190876,157.225622451073,95.0449736355138,95.0449736355138
86.9393154763451,86.9393154763451,89.8988934774778,44.579333698229,86.9393154763451,87.6258808186217,86.9393154763451,56.7346517982727,86.6672889565515,150.993907307754,91.1564764258418,86.9393154763451
96.1209116976311,96.1209116976311,99.0804896987638,53.760929919515,96.1209116976311,96.8074770399077,96.1209116976311,65.9162480195587,95.8488851778375,160.17550352904,100.338072647128,96.1209116976311
86.9393154763451,86.9393154763451,89.8988934774778,44.579333698229,86.9393154763451,87.6258808186217,86.9393154763451,56.7346517982727,86.6672889565515,150.993907307754,91.1564764258418,86.9393154763451
86.9393154763451,86.9393154763451,89.8988934774778,44.579333698229,86.9393154763451,87.6258808186217,86.9393154763451,56.7346517982727,86.6672889565515,150.993907307754,91.1564764258418,86.9393154763451
86.9393154763451,86.9393154763451,89.8988934774778,44.579333698229,86.9393154763451,87.6258808186217,86.9393154763451,56.7346517982727,86.6672889565515,150.993907307754,91.1564764258418,86.9393154763451
86.9393154763451,86.9393154763451,89.8988934774778,44.579333698229,86.9393154763451,87.6258808186217,86.9393154763451,56.7346517982727,86.6672889565515,150.993907307754,91.1564764258418,86.9393154763451
80.7062574382022,80.7062574382022,83.6658354393348,38.3462756600861,80.7062574382022,81.3928227804788,80.7062574382022,50.5015937601297,80.4342309184086,144.760849269611,84.9234183876988,80.7062574382022
76.0187574382023,76.0187574382023,78.978335439335,33.6587756600862,76.0187574382023,76.7053227804789,76.0187574382023,45.8140937601299,75.7467309184087,140.073349269611,80.2359183876989,76.0187574382023
81.8312574382023,81.8312574382023,84.790835439335,39.4712756600862,81.8312574382023,82.5178227804789,81.8312574382023,51.6265937601299,81.5592309184087,145.885849269611,86.0484183876989,81.8312574382023
86.9393154763451,86.9393154763451,89.8988934774778,44.579333698229,86.9393154763451,87.6258808186217,86.9393154763451,56.7346517982727,86.6672889565515,150.993907307754,91.1564764258418,86.9393154763451
95.0449736355138,95.0449736355138,98.0045516366464,52.6849918573976,95.0449736355138,95.7315389777903,95.0449736355138,64.8403099574413,94.7729471157202,159.099565466923,99.2621345850104,95.0449736355138
91.602903713076,91.602903713076,94.5624817142086,49.2429219349598,91.602903713076,92.2894690553525,91.602903713076,61.3982400350035,91.3308771932824,155.657495544485,95.8200646625726,91.602903713076
86.9393154763451,86.9393154763451,89.8988934774778,44.579333698229,86.9393154763451,87.6258808186217,86.9393154763451,56.7346517982727,86.6672889565515,150.993907307754,91.1564764258418,86.9393154763451
86.9393154763451,86.9393154763451,89.8988934774778,44.579333698229,86.9393154763451,87.6258808186217,86.9393154763451,56.7346517982727,86.6672889565515,150.993907307754,91.1564764258418,86.9393154763451
86.9393154763451,87.8880931401039,91.1260587468618,70.2159918393432,86.9393154763451,87.6352783594094,86.9393154763451,62.462244758758,86.1616396050193,110.780493581073,91.1564764258418,86.9393154763451
86.9393154763451,87.8880931401039,91.1260587468618,70.2159918393432,86.9393154763451,87.6352783594094,86.9393154763451,62.462244758758,86.1616396050193,110.780493581073,91.1564764258418,86.9393154763451
86.9393154763451,87.8880931401039,91.1260587468618,70.2159918393432,86.9393154763451,87.6352783594094,86.9393154763451,62.462244758758,86.1616396050193,110.780493581073,91.1564764258418,86.9393154763451
86.9393154763451,87.8880931401039,91.1260587468618,70.2159918393432,86.9393154763451,87.6352783594094,86.9393154763451,62.462244758758,86.1616396050193,110.780493581073,91.1564764258418,86.9393154763451
80.7062574382022,81.6550351019609,84.8930007087188,63.9829338012003,80.7062574382022,81.4022203212665,80.7062574382022,56.229186720615,79.9285815668764,104.54743554293,84.9234183876988,80.7062574382022
76.0187574382023,76.9675351019611,80.2055007087189,59.2954338012004,76.0187574382023,76.7147203212666,76.0187574382023,51.5416867206151,75.2410815668765,99.8599355429301,80.2359183876989,76.0187574382023
81.8312574382023,82.7800351019611,86.0180007087189,65.1079338012004,81.8312574382023,82.5272203212666,81.8312574382023,57.3541867206151,81.0535815668765,105.67243554293,86.0484183876989,81.8312574382023
86.9393154763451,87.8880931401039,91.1260587468618,70.2159918393432,86.9393154763451,87.6352783594094,86.9393154763451,62.462244758758,86.1616396050193,110.780493581073,91.1564764258418,86.9393154763451
95.0449736355138,95.9937512992725,99.2317169060303,78.3216499985118,95.0449736355138,95.7409365185781,95.0449736355138,70.5679029179266,94.267297764188,118.886151740242,99.2621345850104,95.0449736355138
91.602903713076,92.5516813768347,95.7896469835925,74.8795800760741,91.602903713076,92.2988665961403,91.602903713076,67.1258329954888,90.8252278417502,115.444081817804,95.8200646625726,91.602903713076
86.9393154763451,87.8880931401039,91.1260587468618,70.2159918393432,86.9393154763451,87.6352783594094,86.9393154763451,62.462244758758,86.1616396050193,110.780493581073,91.1564764258418,86.9393154763451
86.9393154763451,87.5624078993057,91.9280940616646,45.0660777330918,86.9393154763451,87.4921498904235,86.9393154763451,49.2317057869409,86.3845549499627,148.426522823485,91.1564764258418,86.9393154763451
86.9393154763451,87.5624078993057,91.9280940616646,45.0660777330918,86.9393154763451,87.4921498904235,86.9393154763451,49.2317057869409,86.3845549499627,148.426522823485,91.1564764258418,86.9393154763451
86.9393154763451,87.5624078993057,91.9280940616646,45.0660777330918,86.9393154763451,87.4921498904235,86.9393154763451,49.2317057869409,86.3845549499627,148.426522823485,91.1564764258418,86.9393154763451
86.9393154763451,87.5624078993057,91.9280940616646,45.0660777330918,86.9393154763451,87.4921498904235,86.9393154763451,49.2317057869409,86.3845549499627,148.426522823485,91.1564764258418,86.9393154763451
80.7062574382022,81.3293498611628,85.6950360235217,38.8330196949489,80.7062574382022,81.2590918522805,80.7062574382022,42.998647748798,80.1514969118197,142.193464785342,84.9234183876988,80.7062574382022
76.0187574382023,76.6418498611629,81.0075360235218,34.145519694949,76.0187574382023,76.5715918522806,76.0187574382023,38.3111477487981,75.4639969118199,137.505964785342,80.2359183876989,76.0187574382023
81.8312574382023,82.4543498611629,86.8200360235218,39.958019694949,81.8312574382023,82.3840918522806,81.8312574382023,44.1236477487981,81.2764969118199,143.318464785342,86.0484183876989,81.8312574382023
86.9393154763451,87.5624078993057,91.9280940616646,45.0660777330918,86.9393154763451,87.4921498904235,86.9393154763451,49.2317057869409,86.3845549499627,148.426522823485,91.1564764258418,86.9393154763451
95.0449736355138,95.6680660584743,100.033752220833,53.1717358922604,95.0449736355138,95.5978080495921,95.0449736355138,57.3373639461095,94.4902131091313,156.532180982653,99.2621345850104,95.0449736355138
91.602903713076,92.2259961360365,96.5916822983954,49.7296659698227,91.602903713076,92.1557381271543,91.602903713076,53.8952940236718,91.0481431866935,153.090111060215,95.8200646625726,91.602903713076
86.9393154763451,87.5624078993057,91.9280940616646,45.0660777330918,86.9393154763451,87.4921498904235,86.9393154763451,49.2317057869409,86.3845549499627,148.426522823485,91.1564764258418,86.9393154763451
95.2960008504626,93.0320059356692,93.3840663091079,92.5923696616909,92.8096818805226,92.372332139051,89.9708815761089,93.0111658091526,93.2145829266258,92.5434498881827,90.8927905398423,92.8096818805226
97.0600321827974,94.7960372680041,95.1480976414427,94.3564009940258,94.5737132128575,94.1363634713858,91.7349129084437,94.7751971414875,94.9786142589607,94.3074812205176,92.6568218721771,94.5737132128575
97.5312926054537,95.2672976906603,95.6193580640991,94.8276614166821,95.0449736355138,94.6076238940421,92.2061733311,95.2464575641438,95.449874681617,94.7787416431739,93.1280822948335,95.0449736355138
91.4755595064084,93.5946418161848,85.6610085459437,73.0572379249279,92.8096818805226,101.844592286801,97.647229338044,77.7019723565585,106.830557349475,116.636413287992,92.8096818805226,92.8096818805226
93.2395908387433,95.3586731485196,87.4250398782786,74.8212692572627,94.5737132128575,103.608623619136,99.4112606703789,79.4660036888934,108.59458868181,118.400444620326,94.5737132128575,94.5737132128575
91.5082185947978,93.627300904574,85.693667634333,73.0898970133172,92.8423409689119,101.87725137519,97.6798884264333,77.7346314449478,106.863216437864,116.669072376381,92.8423409689119,92.8423409689119
94.6603562241547,96.7794385339311,88.84580526369,76.2420346426742,95.9944785982689,105.029389004547,100.83202605579,80.8867690743048,110.015354067221,119.821210005738,95.9944785982689,95.9944785982689
93.7108512613996,95.8299335711759,87.8963003009349,75.2925296799191,95.0449736355138,104.079884041792,99.8825210930352,79.9372641115497,109.065849104466,118.871705042983,95.0449736355138,95.0449736355138
89.4256344462851,87.0758302450785,86.9393154763451,86.9393154763451,86.9393154763451,86.9393154763451,84.1005151719314,86.9393154763451,86.9393154763451,86.9393154763451,85.0224241356649,86.9393154763451
89.4256344462851,87.0758302450785,86.9393154763451,86.9393154763451,86.9393154763451,86.9393154763451,84.1005151719314,86.9393154763451,86.9393154763451,86.9393154763451,85.0224241356649,86.9393154763451
89.4256344462851,87.0758302450785,86.9393154763451,86.9393154763451,86.9393154763451,86.9393154763451,84.1005151719314,86.9393154763451,86.9393154763451,86.9393154763451,85.0224241356649,86.9393154763451
89.4256344462851,87.0758302450785,86.9393154763451,86.9393154763451,86.9393154763451,86.9393154763451,84.1005151719314,86.9393154763451,86.9393154763451,86.9393154763451,85.0224241356649,86.9393154763451
89.4256344462851,87.0758302450785,86.9393154763451,86.9393154763451,86.9393154763451,86.9393154763451,84.1005151719314,86.9393154763451,86.9393154763451,86.9393154763451,85.0224241356649,86.9393154763451
89.4256344462851,87.0758302450785,86.9393154763451,86.9393154763451,86.9393154763451,86.9393154763451,84.1005151719314,86.9393154763451,86.9393154763451,86.9393154763451,85.0224241356649,86.9393154763451
95.2960008504626,93.0320059356692,93.3840663091079,92.5923696616909,92.8096818805226,92.372332139051,89.9708815761089,93.0111658091526,93.2145829266258,92.5434498881827,90.8927905398423,92.8096818805226
97.0600321827974,94.7960372680041,95.1480976414427,94.3564009940258,94.5737132128575,94.1363634713858,91.7349129084437,94.7751971414875,94.9786142589607,94.3074812205176,92.6568218721771,94.5737132128575
97.5312926054537,95.2672976906603,95.6193580640991,94.8276614166821,95.0449736355138,94.6076238940421,92.2061733311,95.2464575641438,95.449874681617,94.7787416431739,93.1280822948335,95.0449736355138
91.4755595064084,91.8735805859397,83.4464374833744,89.5711997901286,92.8096818805226,101.572829068649,97.647229338044,105.417126425366,106.634070501194,93.9076308721877,92.8096818805226,92.8096818805226
93.2395908387433,93.6376119182746,85.2104688157093,91.3352311224635,94.5737132128575,103.336860400984,99.4112606703789,107.181157757701,108.398101833529,95.6716622045225,94.5737132128575,94.5737132128575
93.7108512613996,94.1088723409308,85.6817292383656,91.8064915451198,95.0449736355138,103.80812082364,99.8825210930352,107.652418180358,108.869362256185,96.1429226271789,95.0449736355138,95.0449736355138
92.2032626195617,94.7579426959767,84.4063910678924,95.9889773096901,92.8096818805226,99.44505465447,92.0854981293966,79.0582245183062,97.2353443936554,89.8997042898313,92.4263036123865,92.8096818805226
93.9672939518965,96.5219740283115,86.1704224002273,97.753008642025,94.5737132128575,101.209085986805,93.8495294617315,80.8222558506411,98.9993757259903,91.6637356221661,94.1903349447214,94.5737132128575
92.2359217079509,94.790601784366,84.4390501562817,96.0216363980794,92.8423409689119,99.4777137428594,92.1181572177859,79.0908836066956,97.2680034820447,89.9323633782206,92.4589627007758,92.8423409689119
95.3880593373079,97.942739413723,87.5911877856387,99.1737740274364,95.9944785982689,102.629851372216,95.2702948471429,82.2430212360525,100.420141111402,93.0845010075775,95.6111003301328,95.9944785982689
94.4385543745527,96.9932344509679,86.6416828228836,98.2242690646813,95.0449736355138,101.680346409461,94.3207898843878,81.2935162732974,99.4706361486466,92.1349960448224,94.6615953673777,95.0449736355138
95.2960008504626,92.9461966492559,92.8096818805226,92.8096818805226,92.8096818805226,92.8096818805226,89.9708815761089,92.8096818805226,92.8096818805226,92.8096818805226,90.8927905398423,92.8096818805226
97.0600321827974,94.7102279815907,94.5737132128575,94.5737132128575,94.5737132128575,94.5737132128575,91.7349129084437,94.5737132128575,94.5737132128575,94.5737132128575,92.6568218721771,94.5737132128575
95.3286599388518,92.9788557376452,92.8423409689119,92.8423409689119,92.8423409689119,92.8423409689119,90.0035406644982,92.8423409689119,92.8423409689119,92.8423409689119,90.9254496282316,92.8423409689119
98.4807975682089,96.1309933670021,95.9944785982689,95.9944785982689,95.9944785982689,95.9944785982689,93.1556782938551,95.9944785982689,95.9944785982689,95.9944785982689,94.0775872575886,95.9944785982689
97.5312926054537,95.181488404247,95.0449736355138,95.0449736355138,95.0449736355138,95.0449736355138,92.2061733311,95.0449736355138,95.0449736355138,95.0449736355138,93.1280822948335,95.0449736355138
92.2032626195617,94.7579426959767,84.4063910678924,95.9889773096901,92.8096818805226,99.44505465447,92.0854981293966,79.0582245183062,97.2353443936554,89.8997042898313,92.4263036123865,92.8096818805226
93.9672939518965,96.5219740283115,86.1704224002273,97.753008642025,94.5737132128575,101.209085986805,93.8495294617315,80.8222558506411,98.9993757259903,91.6637356221661,94.1903349447214,94.5737132128575
86.3328962153842,88.8875762917993,78.536024663715,90.1186109055126,86.9393154763451,93.5746882502926,86.2151317252192,73.1878581141288,91.364977989478,84.0293378856538,86.5559372082091,86.9393154763451
92.2359217079509,94.790601784366,84.4390501562817,96.0216363980794,92.8423409689119,99.4777137428594,92.1181572177859,79.0908836066956,97.2680034820447,89.9323633782206,92.4589627007758,92.8423409689119
94.4385543745527,96.9932344509679,86.6416828228836,98.2242690646813,95.0449736355138,101.680346409461,94.3207898843878,81.2935162732974,99.4706361486466,92.1349960448224,94.6615953673777,95.0449736355138
94.2906761325531,96.8453562089682,86.4938045808839,98.0763908226816,94.8970953935141,101.532468167462,94.1729116423881,81.1456380312977,99.3227579066469,91.9871178028227,94.513717125378,94.8970953935141
95.3173942773345,97.8720743537497,87.5205227256654,99.103108967463,95.9238135382955,102.559186312243,95.1996297871696,82.1723561760792,100.349476051428,93.0138359476042,95.5404352701595,95.9238135382955
95.2960008504626,92.9461966492559,92.8096818805226,92.8096818805226,92.8096818805226,92.8096818805226,89.9708815761089,92.8096818805226,92.8096818805226,92.8096818805226,90.8927905398423,92.8096818805226
97.0600321827974,94.7102279815907,94.5737132128575,94.5737132128575,94.5737132128575,94.5737132128575,91.7349129084437,94.5737132128575,94.5737132128575,94.5737132128575,92.6568218721771,94.5737132128575
89.4256344462851,87.0758302450785,86.9393154763451,86.9393154763451,86.9393154763451,86.9393154763451,84.1005151719314,86.9393154763451,86.9393154763451,86.9393154763451,85.0224241356649,86.9393154763451
95.3286599388518,92.9788557376452,92.8423409689119,92.8423409689119,92.8423409689119,92.8423409689119,90.0035406644982,92.8423409689119,92.8423409689119,92.8423409689119,90.9254496282316,92.8423409689119
99.6088561810492,97.2590519798425,97.1225372111093,97.1225372111093,97.1225372111093,97.1225372111093,94.2837369066955,97.1225372111093,97.1225372111093,97.1225372111093,95.205645870429,97.1225372111093
97.5312926054537,95.181488404247,95.0449736355138,95.0449736355138,95.0449736355138,95.0449736355138,92.2061733311,95.0449736355138,95.0449736355138,95.0449736355138,93.1280822948335,95.0449736355138
97.3834143634541,95.0336101622474,94.8970953935141,94.8970953935141,94.8970953935141,94.8970953935141,92.0582950891003,94.8970953935141,94.8970953935141,94.8970953935141,92.9802040528338,94.8970953935141
89.4256344462851,87.0758302450785,86.9393154763451,86.9393154763451,86.9393154763451,86.9393154763451,84.1005151719314,86.9393154763451,86.9393154763451,86.9393154763451,85.0224241356649,86.9393154763451
98.4101325082355,96.0603283070288,95.9238135382955,95.9238135382955,95.9238135382955,95.9238135382955,93.0850132338818,95.9238135382955,95.9238135382955,95.9238135382955,94.0069221976153,95.9238135382955
84.362033617261,84.4323191999321,74.4977052748259,68.5402142819298,86.9393154763451,96.9330970895444,92.9934916357581,49.263971896508,98.9968917378814,115.294054567486,86.9393154763451,86.9393154763451
84.362033617261,84.4323191999321,74.4977052748259,68.5402142819298,86.9393154763451,96.9330970895444,92.9934916357581,49.263971896508,98.9968917378814,115.294054567486,86.9393154763451,86.9393154763451
91.9964313537733,92.0667169364444,82.1321030113382,76.1746120184422,94.5737132128575,104.567494826057,100.62788937227,56.8983696330203,106.631289474394,122.928452303998,94.5737132128575,94.5737132128575
93.4171967391848,93.4874823218559,83.5528683967496,77.5953774038536,95.9944785982689,105.988260211468,102.048654757682,58.3191350184317,108.052054859805,124.349217689409,95.9944785982689,95.9944785982689
84.362033617261,84.4323191999321,74.4977052748259,68.5402142819298,86.9393154763451,96.9330970895444,92.9934916357581,49.263971896508,98.9968917378814,115.294054567486,86.9393154763451,86.9393154763451
88.1429188093224,88.2132043919935,78.2785904668872,72.3210994739912,90.7202006684065,100.713982281606,96.7743768278195,53.0448570885694,102.777776929943,119.074939759547,90.7202006684065,90.7202006684065
92.4676917764297,92.5379773591007,82.6033634339945,76.6458724410985,95.0449736355138,105.038755248713,101.099149794927,57.3696300556766,107.10254989705,123.399712726654,95.0449736355138,95.0449736355138
89.0256218539919,89.095907436663,79.1612935115567,73.2038025186607,91.602903713076,101.596685326275,97.657079872489,53.9275601332388,103.660479974612,119.957642804216,91.602903713076,91.602903713076
84.362033617261,84.4323191999321,74.4977052748259,68.5402142819298,86.9393154763451,96.9330970895444,92.9934916357581,49.263971896508,98.9968917378814,115.294054567486,86.9393154763451,86.9393154763451
84.362033617261,84.4323191999321,74.4977052748259,68.5402142819298,86.9393154763451,96.9330970895444,92.9934916357581,49.263971896508,98.9968917378814,115.294054567486,86.9393154763451,86.9393154763451
78.2273896866866,78.2976752693577,68.3630613442514,62.4055703513554,80.8046715457707,90.79845315897,86.8588477051837,43.1293279659336,92.8622478073069,109.159410636911,80.8046715457707,80.8046715457707
84.362033617261,84.4323191999321,74.4977052748259,68.5402142819298,86.9393154763451,96.9330970895444,92.9934916357581,49.263971896508,98.9968917378814,115.294054567486,86.9393154763451,86.9393154763451
83.9375401345883,86.7949998572652,81.8375676636295,66.0252228713047,86.9393154763451,96.9649669846428,92.9934916357581,61.8147714934452,101.843230972794,109.895117420501,86.9393154763451,86.9393154763451
83.9375401345883,86.7949998572652,81.8375676636295,66.0252228713047,86.9393154763451,96.9649669846428,92.9934916357581,61.8147714934452,101.843230972794,109.895117420501,86.9393154763451,86.9393154763451
91.5719378711007,94.4293975937775,89.4719654001418,73.659620607817,94.5737132128575,104.599364721155,100.62788937227,69.4491692299575,109.477628709306,117.529515157013,94.5737132128575,94.5737132128575
92.9927032565121,95.850162979189,90.8927307855532,75.0803859932284,95.9944785982689,106.020130106567,102.048654757682,70.8699346153689,110.898394094718,118.950280542425,95.9944785982689,95.9944785982689
83.9375401345883,86.7949998572652,81.8375676636295,66.0252228713047,86.9393154763451,96.9649669846428,92.9934916357581,61.8147714934452,101.843230972794,109.895117420501,86.9393154763451,86.9393154763451
87.7184253266497,90.5758850493266,85.6184528556909,69.8061080633661,90.7202006684065,100.745852176704,96.7743768278195,65.5956566855066,105.624116164855,113.676002612562,90.7202006684065,90.7202006684065
92.043198293757,94.9006580164338,89.9432258227981,74.1308810304733,95.0449736355138,105.070625143811,101.099149794927,69.9204296526138,109.948889131963,118.00077557967,95.0449736355138,95.0449736355138
88.6011283713192,91.4585880939961,86.5011559003603,70.6888111080355,91.602903713076,101.628555221374,97.657079872489,66.4783597301761,106.506819209525,114.558705657232,91.602903713076,91.602903713076
83.9375401345883,86.7949998572652,81.8375676636295,66.0252228713047,86.9393154763451,96.9649669846428,92.9934916357581,61.8147714934452,101.843230972794,109.895117420501,86.9393154763451,86.9393154763451
83.9375401345883,86.7949998572652,81.8375676636295,66.0252228713047,86.9393154763451,96.9649669846428,92.9934916357581,61.8147714934452,101.843230972794,109.895117420501,86.9393154763451,86.9393154763451
77.8028962040139,80.6603559266908,75.7029237330551,59.8905789407303,80.8046715457707,90.8303230540683,86.8588477051837,55.6801275628708,95.7085870422195,103.760473489926,80.8046715457707,80.8046715457707
83.9375401345883,86.7949998572652,81.8375676636295,66.0252228713047,86.9393154763451,96.9649669846428,92.9934916357581,61.8147714934452,101.843230972794,109.895117420501,86.9393154763451,86.9393154763451
82.9975902800988,86.8730082989485,74.084697664071,58.9139896940893,86.9393154763451,101.698853289148,93.3121324862536,63.9149367139336,102.095333137372,127.239409386579,86.9393154763451,86.9393154763451
90.6319880166111,94.5074060354608,81.7190954005833,66.5483874306016,94.5737132128575,109.33325102566,100.946530222766,71.5493344504459,109.729730873885,134.873807123091,94.5737132128575,94.5737132128575
92.0527534020225,95.9281714208722,83.1398607859947,67.969152816013,95.9944785982689,110.754016411071,102.367295608177,72.9700998358574,111.150496259296,136.294572508503,95.9944785982689,95.9944785982689
82.9975902800988,86.8730082989485,74.084697664071,58.9139896940893,86.9393154763451,101.698853289148,93.3121324862536,63.9149367139336,102.095333137372,127.239409386579,86.9393154763451,86.9393154763451
86.7784754721602,90.6538934910099,77.8655828561323,62.6948748861506,90.7202006684065,105.479738481209,97.0930176783149,67.695821905995,105.876218329434,131.02029457864,90.7202006684065,90.7202006684065
91.1032484392674,94.9786664581171,82.1903558232395,67.0196478532579,95.0449736355138,109.804511448316,101.417790645422,72.0205948731023,110.200991296541,135.345067545747,95.0449736355138,95.0449736355138
87.6611785168296,91.5365965356793,78.7482859008018,63.5775779308201,91.602903713076,106.362441525878,97.9757207229844,68.5785249506645,106.758921374103,131.90299762331,91.602903713076,91.602903713076
82.9975902800988,86.8730082989485,74.084697664071,58.9139896940893,86.9393154763451,101.698853289148,93.3121324862536,63.9149367139336,102.095333137372,127.239409386579,86.9393154763451,86.9393154763451
76.8629463495243,80.7383643683741,67.9500537334965,52.7793457635148,80.8046715457707,95.5642093585731,87.1774885556791,57.7802927833592,95.9606892067979,121.104765456004,80.8046715457707,80.8046715457707
82.9975902800988,86.8730082989485,74.084697664071,58.9139896940893,86.9393154763451,101.698853289148,93.3121324862536,63.9149367139336,102.095333137372,127.239409386579,86.9393154763451,86.9393154763451
92.2670916768277,96.1425096956774,83.3541990607998,68.1834910908182,96.2088168730741,110.968354685876,102.581633882982,73.1844381106625,111.364834534101,136.508910783308,96.2088168730741,96.2088168730741
82.9975902800988,86.2694179850046,73.6887805268933,65.733706480189,86.9393154763451,102.118402847161,93.3121324862536,72.2281205877276,102.100908854424,117.1803804667,86.9393154763451,86.9393154763451
90.6319880166111,93.9038157215169,81.3231782634056,73.3681042167013,94.5737132128575,109.752800583673,100.946530222766,79.8625183242399,109.735306590937,124.814778203212,94.5737132128575,94.5737132128575
92.0527534020225,95.3245811069283,82.743943648817,74.7888696021128,95.9944785982689,111.173565969085,102.367295608177,81.2832837096514,111.156071976348,126.235543588623,95.9944785982689,95.9944785982689
82.9975902800988,86.2694179850046,73.6887805268933,65.733706480189,86.9393154763451,102.118402847161,93.3121324862536,72.2281205877276,102.100908854424,117.1803804667,86.9393154763451,86.9393154763451
86.7784754721602,90.050303177066,77.4696657189547,69.5145916722504,90.7202006684065,105.899288039222,97.0930176783149,76.009005779789,105.881794046486,120.961265658761,90.7202006684065,90.7202006684065
91.1032484392674,94.3750761441732,81.7944386860619,73.8393646393577,95.0449736355138,110.224061006329,101.417790645422,80.3337787468963,110.206567013593,125.286038625868,95.0449736355138,95.0449736355138
87.6611785168296,90.9330062217355,78.3523687636242,70.3972947169199,91.602903713076,106.781991083892,97.9757207229844,76.8917088244585,106.764497091155,121.843968703431,91.602903713076,91.602903713076
82.9975902800988,86.2694179850046,73.6887805268933,65.733706480189,86.9393154763451,102.118402847161,93.3121324862536,72.2281205877276,102.100908854424,117.1803804667,86.9393154763451,86.9393154763451
76.8629463495243,80.1347740544302,67.5541365963189,59.5990625496146,80.8046715457707,95.9837589165864,87.1774885556791,66.0934766571532,95.9662649238499,111.045736536125,80.8046715457707,80.8046715457707
82.9975902800988,86.2694179850046,73.6887805268933,65.733706480189,86.9393154763451,102.118402847161,93.3121324862536,72.2281205877276,102.100908854424,117.1803804667,86.9393154763451,86.9393154763451
92.2670916768277,95.5389193817335,82.9582819236222,75.0032078769179,96.2088168730741,111.38790424389,102.581633882982,81.4976219844565,111.370410251153,126.449881863429,96.2088168730741,96.2088168730741
85.2716625087024,88.4331771213812,80.7422095717525,50.975026642706,86.9393154763451,94.4432815638669,90.8209403823803,61.4799209786046,97.7574708146916,137.531649276492,86.9393154763451,86.9393154763451
92.9060602452148,96.0675748578935,88.3766073082648,58.6094243792183,94.5737132128575,102.077679300379,98.4553381188926,69.114318715117,105.391868551204,145.166047013004,94.5737132128575,94.5737132128575
91.1746880012692,94.3362026139479,86.6452350643192,56.8780521352728,92.8423409689119,100.346307056434,96.7239658749471,67.3829464711714,103.660496307258,143.434674769059,92.8423409689119,92.8423409689119
94.3268256306262,97.4883402433049,89.7973726936762,60.0301897646297,95.9944785982689,103.498444685791,99.876103504304,70.5350841005284,106.812633936615,146.586812398416,95.9944785982689,95.9944785982689
93.3773206678711,96.5388352805497,88.8478677309211,59.0806848018746,95.0449736355138,102.548939723036,98.9265985415489,69.5855791377733,105.86312897386,145.637307435661,95.0449736355138,95.0449736355138
89.9352507454333,93.096765358112,85.4057978084833,55.6386148794369,91.602903713076,99.1068698005978,95.4845286191111,66.1435092153355,102.421059051422,142.195237513223,91.602903713076,91.602903713076
72.9369288352033,76.0984434478819,68.4074758982533,38.6402929692068,74.6045818028459,82.1085478903677,78.4862067088811,49.1451873051054,85.4227371411924,125.196915602993,74.6045818028459,74.6045818028459
85.2716625087024,86.9393154763451,81.1139574343102,55.955540015767,86.9393154763451,94.3522926724988,90.8209403823803,69.4876523484969,96.2000055694759,131.435143033299,86.9393154763451,86.9393154763451
92.9060602452148,94.5737132128575,88.7483551708225,63.5899377522793,94.5737132128575,101.986690409011,98.4553381188926,77.1220500850092,103.834403305988,139.069540769811,94.5737132128575,94.5737132128575
91.1746880012692,92.8423409689119,87.0169829268769,61.8585655083337,92.8423409689119,100.255318165066,96.7239658749471,75.3906778410637,102.103031062043,137.338168525866,92.8423409689119,92.8423409689119
94.3268256306262,95.9944785982689,90.169120556234,65.0107031376907,95.9944785982689,103.407455794423,99.876103504304,78.5428154704207,105.2551686914,140.490306155223,95.9944785982689,95.9944785982689
93.3773206678711,95.0449736355138,89.2196155934788,64.0611981749356,95.0449736355138,102.457950831667,98.9265985415489,77.5933105076656,104.305663728645,139.540801192468,95.0449736355138,95.0449736355138
89.9352507454333,91.602903713076,85.7775456710411,60.6191282524978,91.602903713076,99.0158809092297,95.4845286191111,74.1512405852278,100.863593806207,136.09873127003,91.602903713076,91.602903713076
72.9369288352033,74.6045818028459,68.779223760811,43.6208063422677,74.6045818028459,82.0175589989996,78.4862067088811,57.1529186749977,83.8652718959767,119.1004093598,74.6045818028459,74.6045818028459
85.2716625087024,88.5014345085561,80.1029857096156,68.7416256067006,86.9393154763451,94.6461143774854,90.8209403823803,71.3526334814742,97.2176234185326,111.820655783703,86.9393154763451,86.9393154763451
92.9060602452148,96.1358322450684,87.7373834461279,76.3760233432129,94.5737132128575,102.280512113998,98.4553381188926,78.9870312179865,104.852021155045,119.455053520215,94.5737132128575,94.5737132128575
94.3268256306262,97.5565976304798,89.1581488315393,77.7967887286244,95.9944785982689,103.701277499409,99.876103504304,80.4077966033979,106.272786540456,120.875818905627,95.9944785982689,95.9944785982689
85.2716625087024,88.5014345085561,80.1029857096156,68.7416256067006,86.9393154763451,94.6461143774854,90.8209403823803,71.3526334814742,97.2176234185326,111.820655783703,86.9393154763451,86.9393154763451
93.3773206678711,96.6070926677247,88.2086438687842,76.8472837658693,95.0449736355138,102.751772536654,98.9265985415489,79.4582916406428,105.323281577701,119.926313942872,95.0449736355138,95.0449736355138
89.9352507454333,93.1650227452869,84.7665739463465,73.4052138434315,91.602903713076,99.3097026142162,95.4845286191111,76.016221718205,101.881211655263,116.484244020434,91.602903713076,91.602903713076
85.2716625087024,88.5014345085561,80.1029857096156,68.7416256067006,86.9393154763451,94.6461143774854,90.8209403823803,71.3526334814742,97.2176234185326,111.820655783703,86.9393154763451,86.9393154763451
79.137018578128,82.3667905779816,73.9683417790412,62.6069816761262,80.8046715457707,88.5114704469109,84.6862964518058,65.2179895508997,91.0829794879581,105.686011853129,80.8046715457707,80.8046715457707
94.5411639054313,97.770935905285,89.3724871063445,78.0111270034296,96.2088168730741,103.915615774214,100.090441779109,80.6221348782031,106.487124815261,121.090157180432,96.2088168730741,96.2088168730741
84.2104288020208,86.9822201195518,82.0850666305222,88.7758687403738,86.9393154763451,93.2079265619255,90.9947444826505,83.494011999238,96.5784711724471,80.6013430075416,86.9393154763451,86.9393154763451
91.8448265385331,94.6166178560641,89.7194643670345,96.4102664768861,94.5737132128575,100.842324298438,98.6291422191628,91.1284097357503,104.212868908959,88.2357407440539,94.5737132128575,94.5737132128575
90.1134542945875,92.8852456121185,87.9880921230889,94.6788942329406,92.8423409689119,99.1109520544923,96.8977699752173,89.3970374918048,102.481496665014,86.5043685001083,92.8423409689119,92.8423409689119
93.2655919239445,96.0373832414755,91.1402297524459,97.8310318622976,95.9944785982689,102.263089683849,100.049907604574,92.5491751211617,105.633634294371,89.6565061294653,95.9944785982689,95.9944785982689
92.3160869611894,95.0878782787204,90.1907247896908,96.8815268995425,95.0449736355138,101.313584721094,99.1004026418191,91.5996701584066,104.684129331616,88.7070011667102,95.0449736355138,95.0449736355138
88.8740170387516,91.6458083562826,86.748654867253,93.4394569771047,91.602903713076,97.8715147986564,95.6583327193813,88.1576002359689,101.242059409178,85.2649312442724,91.602903713076,91.602903713076
